<V8Exch:_1CV8DtUD xmlns:V8Exch="http://www.1c.ru/V8/1CV8DtUD/" xmlns:core="http://v8.1c.ru/data" xmlns:v8="http://v8.1c.ru/8.1/data/enterprise/current-config" xmlns:xs="http://www.w3.org/2001/XMLSchema" xmlns:xsi="http://www.w3.org/2001/XMLSchema-instance">
	<V8Exch:Data>
		<v8:DocumentObject.ПоступлениеТоваровУслуг>
			<v8:Ref>5c4eae40-9afc-11ed-8c28-00155d9b3aff</v8:Ref>
			<v8:DeletionMark>false</v8:DeletionMark>
			<v8:Date>2023-03-05T11:26:29</v8:Date>
			<v8:Number>0000-000348</v8:Number>
			<v8:Posted>true</v8:Posted>
			<v8:ВидОперации>Товары</v8:ВидОперации>
			<v8:Организация xsi:type="v8:CatalogRef.Организации">6c17169d-8810-11eb-80cc-b42e9965e88e</v8:Организация>
			<v8:Склад xsi:type="v8:CatalogRef.Склады">5f2c9987-c31e-11ec-80df-b42e9965e88e</v8:Склад>
			<v8:ПодразделениеОрганизации xsi:type="v8:CatalogRef.ПодразделенияОрганизаций">00000000-0000-0000-0000-000000000000</v8:ПодразделениеОрганизации>
			<v8:Контрагент xsi:type="v8:CatalogRef.Контрагенты">5f2c9988-c31e-11ec-80df-b42e9965e88e</v8:Контрагент>
			<v8:ДоговорКонтрагента xsi:type="v8:CatalogRef.ДоговорыКонтрагентов">5f2c9989-c31e-11ec-80df-b42e9965e88e</v8:ДоговорКонтрагента>
			<v8:СпособЗачетаАвансов>Автоматически</v8:СпособЗачетаАвансов>
			<v8:СчетУчетаРасчетовСКонтрагентом xsi:type="v8:ChartOfAccountsRef.Хозрасчетный">c138ecd0-e997-11ea-8128-0050569f2e9f</v8:СчетУчетаРасчетовСКонтрагентом>
			<v8:СчетУчетаРасчетовПоАвансам xsi:type="v8:ChartOfAccountsRef.Хозрасчетный">c138ecd1-e997-11ea-8128-0050569f2e9f</v8:СчетУчетаРасчетовПоАвансам>
			<v8:СчетУчетаРасчетовПоТаре xsi:type="v8:ChartOfAccountsRef.Хозрасчетный">00000000-0000-0000-0000-000000000000</v8:СчетУчетаРасчетовПоТаре>
			<v8:ВалютаДокумента xsi:type="v8:CatalogRef.Валюты">d46f7645-e997-11ea-8128-0050569f2e9f</v8:ВалютаДокумента>
			<v8:СчетНаОплатуПоставщика>00000000-0000-0000-0000-000000000000</v8:СчетНаОплатуПоставщика>
			<v8:НомерВходящегоДокумента/>
			<v8:ДатаВходящегоДокумента>0001-01-01T00:00:00</v8:ДатаВходящегоДокумента>
			<v8:Грузоотправитель xsi:type="v8:CatalogRef.Контрагенты">00000000-0000-0000-0000-000000000000</v8:Грузоотправитель>
			<v8:Грузополучатель xsi:type="v8:CatalogRef.Контрагенты">00000000-0000-0000-0000-000000000000</v8:Грузополучатель>
			<v8:Ответственный xsi:type="v8:CatalogRef.Пользователи">48d7fb7f-8899-11eb-80cc-b42e9965e88e</v8:Ответственный>
			<v8:Комментарий>2023-01-23 Покупка товара 10 шт</v8:Комментарий>
			<v8:КратностьВзаиморасчетов>1</v8:КратностьВзаиморасчетов>
			<v8:КурсВзаиморасчетов>1</v8:КурсВзаиморасчетов>
			<v8:НДСВключенВСтоимость>true</v8:НДСВключенВСтоимость>
			<v8:СуммаВключаетНДС>false</v8:СуммаВключаетНДС>
			<v8:СуммаДокумента>1800</v8:СуммаДокумента>
			<v8:ТипЦен xsi:type="v8:CatalogRef.ТипыЦенНоменклатуры">00000000-0000-0000-0000-000000000000</v8:ТипЦен>
			<v8:РучнаяКорректировка>false</v8:РучнаяКорректировка>
			<v8:УдалитьУчитыватьНДС>false</v8:УдалитьУчитыватьНДС>
			<v8:УдалитьПредъявленСчетФактура>false</v8:УдалитьПредъявленСчетФактура>
			<v8:УдалитьНомерВходящегоСчетаФактуры/>
			<v8:УдалитьДатаВходящегоСчетаФактуры>0001-01-01T00:00:00</v8:УдалитьДатаВходящегоСчетаФактуры>
			<v8:УдалитьНДСПредъявленКВычету>false</v8:УдалитьНДСПредъявленКВычету>
			<v8:УдалитьКодВидаОперации/>
			<v8:УдалитьКодСпособаПолучения>0</v8:УдалитьКодСпособаПолучения>
			<v8:КодВидаТранспорта>  </v8:КодВидаТранспорта>
			<v8:НДСНеВыделять>true</v8:НДСНеВыделять>
			<v8:УдалитьТТНВходящаяЕГАИС>00000000-0000-0000-0000-000000000000</v8:УдалитьТТНВходящаяЕГАИС>
			<v8:ЕстьМаркируемаяПродукцияГИСМ>false</v8:ЕстьМаркируемаяПродукцияГИСМ>
			<v8:МОЛ xsi:type="v8:CatalogRef.ФизическиеЛица">00000000-0000-0000-0000-000000000000</v8:МОЛ>
			<v8:МестонахождениеОС xsi:type="v8:CatalogRef.ПодразделенияОрганизаций">00000000-0000-0000-0000-000000000000</v8:МестонахождениеОС>
			<v8:ГруппаОС/>
			<v8:СпособОтраженияРасходовПоАмортизации xsi:type="v8:CatalogRef.СпособыОтраженияРасходовПоАмортизации">00000000-0000-0000-0000-000000000000</v8:СпособОтраженияРасходовПоАмортизации>
			<v8:ОбъектыПредназначеныДляСдачиВАренду>false</v8:ОбъектыПредназначеныДляСдачиВАренду>
			<v8:ЕстьРасхождения>false</v8:ЕстьРасхождения>
			<v8:Товары>
				<v8:Номенклатура xsi:type="v8:CatalogRef.Номенклатура">48d7fb84-8899-11eb-80cc-b42e9965e88e</v8:Номенклатура>
				<v8:КоличествоМест>0</v8:КоличествоМест>
				<v8:ЕдиницаИзмерения xsi:type="v8:CatalogRef.КлассификаторЕдиницИзмерения">48d7fb83-8899-11eb-80cc-b42e9965e88e</v8:ЕдиницаИзмерения>
				<v8:Коэффициент>1</v8:Коэффициент>
				<v8:Количество>1670</v8:Количество>
				<v8:Цена>70.67</v8:Цена>
				<v8:Сумма>118018.9</v8:Сумма>
				<v8:СтавкаНДС>БезНДС</v8:СтавкаНДС>
				<v8:СуммаНДС>0</v8:СуммаНДС>
				<v8:СчетУчета xsi:type="v8:ChartOfAccountsRef.Хозрасчетный">c138ec9b-e997-11ea-8128-0050569f2e9f</v8:СчетУчета>
				<v8:СчетУчетаНДС xsi:type="v8:ChartOfAccountsRef.Хозрасчетный">c138ec88-e997-11ea-8128-0050569f2e9f</v8:СчетУчетаНДС>
				<v8:НомерГТД xsi:type="v8:CatalogRef.НомераГТД">00000000-0000-0000-0000-000000000000</v8:НомерГТД>
				<v8:СтранаПроисхождения xsi:type="v8:CatalogRef.СтраныМира">00000000-0000-0000-0000-000000000000</v8:СтранаПроисхождения>
				<v8:ЦенаВРознице>0</v8:ЦенаВРознице>
				<v8:СуммаВРознице>0</v8:СуммаВРознице>
				<v8:СтавкаНДСВРознице/>
				<v8:ОтражениеВУСН>Принимаются</v8:ОтражениеВУСН>
				<v8:Контрагент xsi:type="v8:CatalogRef.Контрагенты">00000000-0000-0000-0000-000000000000</v8:Контрагент>
				<v8:ДоговорКонтрагента xsi:type="v8:CatalogRef.ДоговорыКонтрагентов">00000000-0000-0000-0000-000000000000</v8:ДоговорКонтрагента>
				<v8:СчетРасчетов xsi:type="v8:ChartOfAccountsRef.Хозрасчетный">00000000-0000-0000-0000-000000000000</v8:СчетРасчетов>
				<v8:СпособУчетаНДС>ПринимаетсяКВычету</v8:СпособУчетаНДС>
				<v8:КиЗ_ГИСМ xsi:type="v8:CatalogRef.КонтрольныеЗнакиГИСМ">00000000-0000-0000-0000-000000000000</v8:КиЗ_ГИСМ>
				<v8:ИдентификаторСтроки>9d7d6640-2674-4538-9b5a-e44107dfa054</v8:ИдентификаторСтроки>
			</v8:Товары>
		</v8:DocumentObject.ПоступлениеТоваровУслуг>
	</V8Exch:Data>
	<PredefinedData/>
</V8Exch:_1CV8DtUD>